time_step,in_elevator_mean,in_elevator_plus_std,in_elevator_minus_std,in_elevator_plus95,in_elevator_minus95,exit_rate_mean,exit_rate_plus95,exit_rate_minus95,score_mean,score_plus_std,score_minus_std,score_plus95,score_minus95,initial_value_mean,initial_value_plus_std,initial_value_minus_std,initial_value_plus95,initial_value_minus95
0,0,0,0,0,0,0,0,0,-0.99519615692554,-0.772403640534899,-1.21798867331618,-0.946639653709344,-1.04375266014174,0.227079055656055,0.348748457906233,0.105409653405877,0.253596287102531,0.200561824209579
5000,0,0,0,0,0,0,0,0,-1.01234084231146,-0.788286522225431,-1.23639516239749,-0.963509335355524,-1.06117234926739,0.381290252147704,0.511243018673321,0.251337485622087,0.409612800983639,0.352967703311769
10000,0,0,0,0,0,0,0,0,-1.01017079255421,-0.800765754733696,-1.21957583037473,-0.964532022647815,-1.05580956246061,0.933983872391354,1.20269866516688,0.66526907961583,0.992548903708503,0.875418841074205
15000,0,0,0,0,0,0,0,0,-1.00208609899488,-0.80586948796789,-1.19830271002187,-0.959321680069346,-1.04485051792041,1.47377108544162,1.84214639543971,1.10539577544353,1.55405662292048,1.39348554796276
20000,0.000186462800671266,0.0138416010523064,0,0.00316253118561897,0,4.66157001678165E-05,0.000790632796404742,0,-1.00727204922618,-0.814761984636484,-1.19978211381588,-0.965315453368131,-1.04922864508423,1.87302972406632,2.48303381540685,1.26302563272579,2.00597703353131,1.74008241460134
25000,0,0,0,0,0,0,0,0,-1.01346863468635,-0.791075475137173,-1.23586179423552,-0.964999169275869,-1.06193810009683,2.14823254476614,2.9780907565261,1.31837433300619,2.32909594889259,1.96736914063969
30000,0,0,0,0,0,0,0,0,-1.00378214826021,-0.790756196362078,-1.21680810015835,-0.957354218426436,-1.05021007809399,2.3379157964653,3.38770796852934,1.28812362440127,2.56671269595266,2.10911889697794
35000,0,0,0,0,0,0,0,0,-1.00783582089552,-0.796357540287449,-1.2193141015036,-0.961745198199306,-1.05392644359174,2.49153387606589,3.9440320995575,1.16453969478607,2.8080985246595,2.17496922747227
40000,0,0,0,0,0,0,0,0,-1,-0.786196054909751,-1.21380394509025,-0.953402510481064,-1.04659748951894,2.67716972852676,4.66482749227042,1.18209362030029,3.1103696948519,2.24396976220163
45000,0,0,0,0,0,0,0,0,-0.996596066565809,-0.777436811415019,-1.2157553217166,-0.948831414278612,-1.04436071885301,2.75611871232965,4.97222541574634,1.14304900169373,3.23910797074447,2.27312945391483
50000,0,0,0,0,0,0,0,0,-1.01575668743129,-0.798891738952168,-1.23262163591042,-0.96849206769046,-1.06302130717213,2.78834801604347,5.26251014543397,1.09813153743744,3.3275791506409,2.24911688144604
55000,0,0,0,0,0,0,0,0,-1.00614161849711,-0.784547172584997,-1.22773606440922,-0.957846228688071,-1.05443700830615,2.79246030394742,5.35874735090617,1.08296346664429,3.35176959883795,2.23315100905689
60000,0,0,0,0,0,0,0,0,-1.00765260722549,-0.790601372491971,-1.224703841959,-0.960347387336779,-1.05495782711419,2.77680023857062,5.29031025451554,1.0766566991806,3.32460704622468,2.22899343091656
65000,0,0,0,0,0,0,0,0,-1.00502692998205,-0.778464698802695,-1.2315891611614,-0.955648836475352,-1.05440502348874,2.87868970375729,5.45906007128585,1.04739820957184,3.44106838720548,2.31631102030909
70000,0,0,0,0,0,0,0,0,-1.01020587717755,-0.796537073964882,-1.22387468039021,-0.963637841147983,-1.05677391320711,2.91589228932379,5.60973318811938,1.0258104801178,3.50300130171513,2.32878327693245
75000,0,0,0,0,0,0,0,0,-1.00783835568716,-0.782815215570822,-1.2328614958035,-0.958795699300897,-1.05688101207343,2.93395358792292,5.71727252109659,1.05128371715546,3.54056388579029,2.32734329005554
80000,0,0,0,0,0,0,0,0,-1.01330765189984,-0.80033576173771,-1.22627954206198,-0.966891504548263,-1.05972379925142,3.11565041571276,6.28125573173537,1.03379607200623,3.80557809909665,2.42572273232888
85000,0,0,0,0,0,0,0,0,-1.00868809730669,-0.793047659080674,-1.22432853553271,-0.961690353388289,-1.05568584122509,3.25206802023897,6.43258405469812,0.990211367607117,3.94524541936488,2.55889062111306
90000,0,0,0,0,0,0,0,0,-1.0043044077135,-0.761306233667914,-1.24730258175908,-0.951344183507018,-1.05726463191998,3.19970200643888,6.11456009027408,1.05751705169678,3.83498059754889,2.56442341532886
95000,0,0,0,0,0,0,0,0,-1.00659521846661,-0.767128396720385,-1.24606204021284,-0.954404634650478,-1.05878580228275,3.47699878211859,6.38666963280969,1.12502908706665,4.11114684197502,2.84285072226216
100000,0,0,0,0,0,0,0,0,-1.0163087356693,-0.787083824925177,-1.24553364641343,-0.966350324605515,-1.06626714673309,3.77859956207981,6.9269867053426,1.08201265335083,4.46477463171107,3.09242449244855
105000,0,0,0,0,0,0,0,0,-1.01236153475678,-0.78355597346386,-1.24116709604971,-0.962494518786985,-1.06222855072658,4.4725384665523,8.21040688720049,1.06913352012634,5.28718800204517,3.65788893105943
110000,0,0,0,0,0,0,0,0,-1.01391554702495,-0.791298462669747,-1.23653263138016,-0.965397278334452,-1.06243381571545,5.43807636902108,10.9515049183605,1.12243115901947,6.63970026297122,4.23645247507094
115000,0,0,0,0,0,0,0,0,-1.01393560788083,-0.786884946349059,-1.24098626941259,-0.964451063446775,-1.06342015231488,6.77249598373268,16.1997597860834,1.07859861850739,8.82712049515996,4.71787147230539
120000,0,0,0,0,0,0,0,0,-1.02045088566828,-0.789770330168252,-1.2511314411683,-0.970175224185055,-1.0707265471515,8.33245418488307,22.6859257935547,1.08715844154358,11.4607207964421,5.20418757332409
125000,0,0,0,0,0,0,0,0,-1.01712111604312,-0.767132716290898,-1.26710951579534,-0.962637407464251,-1.07160482462199,9.84429360966782,28.1506425793818,1.10826253890991,13.8340698688765,5.85451735045916
130000,0,0,0,0,0,0,0,0,-1.01241935483871,-0.770084463964612,-1.25475424571281,-0.959603689848002,-1.06523501982942,13.3137982512097,39.1901052674583,1.15518617630005,18.9534086170027,7.67418788541671
135000,0,0,0,0,0,0,0,0,-1.0188589540412,-0.794789831442427,-1.24292807663998,-0.97002422095241,-1.06769368713,20.2421176302074,67.7329437995447,1.40017807483673,30.5925032310773,9.89173202933751
140000,0,0,0,0,0,0,0,0,-1.01269944643439,-0.788380308626817,-1.23701858424196,-0.963810223794118,-1.06158866907465,26.3887797460926,92.9846029188578,1.5221551656723,40.9030029096919,11.8745565824932
145000,0.000162972620599739,0.0129290456503038,0,0.00294527373271675,0,4.07431551499348E-05,0.000736318433179188,0,-1.01548239895698,-0.762213896518399,-1.26875090139555,-0.960283808571393,-1.07068098934256,32.436567179441,110.481219631704,1.53306031227112,49.4460048355994,15.4271295232825
150000,0,0,0,0,0,0,0,0,-1.01515645371578,-0.754260108429747,-1.2760527990018,-0.958295413523731,-1.07201749390782,41.6504969890223,129.580575033569,1.52556538581848,60.8144132037136,22.4865807743311
155000,0.00049252996223937,0.0226819015585974,0,0.00532859138269919,0,0.000123132490559842,0.0013321478456748,0,-1.02150714168445,-0.778313230919687,-1.26470105244922,-0.96850425764905,-1.07451002571986,56.2559519208646,155.025237244261,1.54026675224304,77.7822185933855,34.7296852483437
160000,0,0,0,0,0,0,0,0,-1.00918503674015,-0.772816279837077,-1.24555379364322,-0.957669660502606,-1.06070041297769,63.7957571771795,168.518278277856,1.49848973751068,86.6195015067121,40.9720128476468
165000,0,0,0,0,0,0,0,0,-1.01066133599867,-0.759931752633064,-1.26139091936427,-0.956016090196331,-1.065306581801,67.2315773601713,172.014477114479,1.49779367446899,90.0684809121802,44.3946738081624
170000,0,0,0,0,0,0,0,0,-1.01087138317444,-0.763336409725766,-1.25840635662312,-0.956922386461703,-1.06482037988718,65.6209865286311,165.087476799227,1.5321329832077,87.299205496541,43.9427675607211
175000,0.000164365548980934,0.0129848783694938,0,0.00295853153843008,0,4.10913872452334E-05,0.000739632884607521,0,-1.02251808021039,-0.769340015397798,-1.27569614502298,-0.967339200248425,-1.07769696017235,56.6246858600681,143.221413648291,1.48853039741516,75.4980051235763,37.75136659656
180000,0,0,0,0,0,0,0,0,-1.01491569390402,-0.773766966018654,-1.25606442178939,-0.962358547143236,-1.06747284066481,50.7395930325784,125.564395212246,1.4329879283905,67.0472805911581,34.4319054739987
185000,0,0,0,0,0,0,0,0,-1.01549225387306,-0.756190388127544,-1.27479411961858,-0.95897872244025,-1.07200578530588,43.1530511827642,107.302852217678,1.47254800796509,57.1341761807358,29.1719261847927
190000,0,0,0,0,0,0,0,0,-1.02069188490139,-0.769791666163438,-1.27159210363934,-0.966009449981841,-1.07537431982094,36.9563632222236,91.0754544742685,1.56619369983673,48.7513457064196,25.1613807380277
195000,0,0,0,0,0,0,0,0,-1.01708850556182,-0.769498177805809,-1.26467883331784,-0.963127444657496,-1.07104956646615,31.1423520211652,75.9086766785098,1.60117018222809,40.8989462839201,21.3857577584103
200000,0.000164419598816179,0.0129870401896385,0,0.0029590449661541,0,4.11048997040447E-05,0.000739761241538525,0,-1.0121670503124,-0.76446767444464,-1.25986642618015,-0.958182222923115,-1.06615187770168,25.4565088591149,63.3651642989117,1.64496350288391,33.7185087664938,17.194508951736
205000,0.000161134386077989,0.0128550063752698,0,0.00292769964623443,0,4.02835965194973E-05,0.000731924911558608,0,-1.01563003544956,-0.776951195819971,-1.25430887507916,-0.963611188354217,-1.06764888254491,20.4149461044368,51.186455037556,1.5578978061676,27.1214409934231,13.7084512154505
210000,0,0,0,0,0,0,0,0,-1.023531269741,-0.753541817456168,-1.29352072202583,-0.964688432824425,-1.08237410665757,16.5737984508408,41.2929856620409,1.44897162914276,21.961220401845,11.1863764998366
215000,0,0,0,0,0,0,0,0,-1.01438053097345,-0.746598554496138,-1.28216250745076,-0.956018802255142,-1.07274225969176,14.0100633373529,34.1781779286277,1.36560320854187,18.4056020066086,9.61452466809712
220000,0,0,0,0,0,0,0,0,-1.00838539953963,-0.756906516167637,-1.25986428291161,-0.953576847586978,-1.06319395149227,12.0396250354268,28.589057558461,1.31423616409302,15.6464902324693,8.43275983838417
225000,0,0,0,0,0,0,0,0,-1.0142833416376,-0.734638445605261,-1.29392823766994,-0.953336149543506,-1.0752305337317,9.62271015498749,21.8733275698065,1.26066768169403,12.2926703203463,6.95274998962872
230000,0,0,0,0,0,0,0,0,-1.0032719132082,-0.729571736533321,-1.27697208988307,-0.943620342660446,-1.06292348375595,8.4952187630936,18.1314763861545,1.23600375652313,10.5953924217359,6.3950451044513
235000,0.000329435018942514,0.0184782847424651,0,0.00428488511325956,0,8.23587547356284E-05,0.00107122127831489,0,-1.00658870037885,-0.717941211822495,-1.29523618893521,-0.943679438732652,-1.06949796202505,7.02722697861995,14.2124004487793,1.14332664012909,8.59319923103166,5.46125472620823
240000,0.000680156435980275,0.0267533115459874,0,0.00636266884916939,0,0.000170039108995069,0.00159066721229235,0,-0.992518279204217,-0.699843886664544,-1.28519267174389,-0.928731374182088,-1.05630518422635,6.0939751442264,11.6544175223907,1.04419791698456,7.30584546461636,4.88210482383644
245000,0.000172443524745646,0.0133042189091196,0,0.00303444761723371,0,4.31108811864115E-05,0.000758611904308426,0,-1.00224176582169,-0.69285909564369,-1.3116244359997,-0.934813376112259,-1.06967015553113,5.21416536249525,9.52420374476226,1.02538752555847,6.15351645004942,4.27481427494108
250000,0.000524292205522545,0.0234177174322713,0,0.00551379855726767,0,0.000131073051380636,0.00137844963931692,0,-0.977979727368053,-0.656509627772197,-1.29944982696391,-0.907916943492639,-1.04804251124347,4.45488697505006,7.78514064949337,1.12463330060674,5.18069893621273,3.72907501388739
255000,0.000526777875329236,0.0234743887797247,0,0.00552809372172682,0,0.000131694468832309,0.00138202343043171,0,-0.988410886742757,-0.658634877747155,-1.31818689573836,-0.916537871881958,-1.06028390160356,3.86092784394289,6.5499810175152,1.17187467037057,4.44699339581334,3.27486229207243
260000,0.000353045013239188,0.0191408783594664,0,0.00444775835945358,0,8.8261253309797E-05,0.0011119395898634,0,-0.986407766990291,-0.632866012375582,-1.339949521605,-0.909355127955913,-1.06346040602467,3.39284315809989,5.61365303949162,1.17203327670816,3.87685745039004,2.90882886580973
265000,0.000534188034188034,0.0236425796355916,0,0.00557054522110215,0,0.000133547008547009,0.00139263630527554,0,-0.976673789173789,-0.625630498319595,-1.32771708002798,-0.90016567769172,-1.05318190065586,2.97845082740668,4.85201633393464,1.10488532087872,3.38678496275963,2.57011669205373
270000,0.000368935620734182,0.0195748605250824,0,0.00455476990949843,0,9.22339051835455E-05,0.00113869247737461,0,-0.976203652462645,-0.610231693994266,-1.34217561093102,-0.896441913305979,-1.05596539161931,2.64645923743101,4.25915678297294,1.19061684608459,2.99793851880668,2.29497995605534
275000,0.0018201674554059,0.0444486227872269,0,0.0111108239009382,0,0.000455041863851474,0.00277770597523454,0,-0.970149253731343,-0.585881802378389,-1.3544167050843,-0.88640010434437,-1.05389840311832,2.38006784538811,3.80841908596211,1.09595286846161,2.69136978106526,2.06876590971096
280000,0.000958588957055215,0.0319078006087735,0,0.00770381325565978,0,0.000239647239263804,0.00192595331391495,0,-0.96319018404908,-0.571783811731291,-1.35459655636687,-0.877885142909525,-1.04849522518863,2.12704344882281,3.41142025632477,1.00203907489777,2.40696688428923,1.84712001335639
285000,0.000737191301142647,0.0278809500266824,0,0.00665303636276655,0,0.000184297825285662,0.00166325909069164,0,-0.959270180611869,-0.5519639325529,-1.36657642867084,-0.870499841893781,-1.04804051932996,1.96263947137115,3.15729107595834,0.924052596092224,2.22300775222786,1.70227119051443
290000,0.00076103500761035,0.0283400223754919,0,0.00677173595269938,0,0.000190258751902588,0.00169293398817484,0,-0.955289193302892,-0.559187119838858,-1.35139126676693,-0.86896074782506,-1.04161763878072,1.73908112245744,2.78682282485033,0.865105926990509,1.96743113244063,1.51073111247424
295000,0.00197550375345713,0.0463826057291698,0,0.011653807247839,0,0.000493875938364283,0.00291345181195974,0,-0.934413275385223,-0.492080805722168,-1.37674574504828,-0.838009148649822,-1.03081740212062,1.56836828263274,2.46206122714882,0.778191864490509,1.76314414421779,1.3735924210477
300000,0.00118389897395422,0.03557475138352,0,0.0086792114857302,0,0.000295974743488556,0.00216980287143255,0,-0.9344909234412,-0.495550790601218,-1.37343105628118,-0.83882613937551,-1.03015570750689,1.39217365171463,2.14218389495973,0.704301416873932,1.55563459456092,1.22871270886835
305000,0.00101378751013788,0.0328409006576073,0,0.00795034600386056,0,0.000253446877534469,0.00198758650096514,0,-0.922749391727494,-0.453114221715899,-1.39238456173909,-0.82039477940684,-1.02510400404815,1.2507526689879,1.86771264304719,0.633792694928615,1.3852159779446,1.11628936003121
310000,0.00206910821435961,0.0475141775731642,0,0.0119736314552209,0,0.000517277053589903,0.00299340786380522,0,-0.901717359817919,-0.434604435740971,-1.36883028389487,-0.799912458254259,-1.00352226138158,1.13942069703196,1.66494866182874,0.613892732235182,1.25395686155965,1.02488453250427
315000,0.000646691097219228,0.0260713293612264,0,0.00618786254066346,0,0.000161672774304807,0.00154696563516587,0,-0.856003449019185,-0.316928669487749,-1.39507822855062,-0.738514824669735,-0.973492073368635,1.05633487356303,1.48968130439887,0.622988442727188,1.1507805385409,0.961889208585154
320000,0.00288248337028825,0.0564997575506025,0,0.0145680973592934,0,0.000720620842572062,0.00364202433982334,0,-0.844789356984479,-0.30756293258897,-1.38201578137999,-0.727703572297493,-0.961875141671465,0.964529488171284,1.31880054638875,0.610258429953822,1.04174107524084,0.887317901101727
325000,0.0013091861226271,0.0374721160922258,0,0.00919071398461806,0,0.000327296530656775,0.00229767849615451,0,-0.837442723107135,-0.301951004018677,-1.37293444219559,-0.720735008676662,-0.954150437537608,0.892769508107687,1.19091654303281,0.594622473182565,0.957749147885432,0.827789868329942
330000,0.00347785763969395,0.0623554076406115,0,0.0163099221645571,0,0.000869464409923487,0.00407748054113927,0,-0.799211685601669,-0.22090139506084,-1.3775219761425,-0.673171879877813,-0.925251491325525,0.840132789955376,1.10263681690996,0.577628763000793,0.897344216243751,0.782921363667001
335000,0.00350549193736854,0.0626157280580682,0,0.0163882692263164,0,0.000876372984342136,0.00409706730657911,0,-0.777985510633326,-0.176233697759621,-1.37973732350703,-0.646836743562882,-0.909134277703769,0.802428479115521,1.02954056608635,0.575316392144689,0.851926410913645,0.752930547317397
340000,0.00497636227917392,0.075352710945271,0,0.020314531871719,0,0.00124409056979348,0.00507863296792974,0,-0.764369246081115,-0.128644649202981,-1.40009384295925,-0.625816282395369,-0.90292220976686,0.771076155861209,0.9919212377984,0.550231073924018,0.819208225578318,0.7229440861441
345000,0.00658241179568194,0.087457660306767,0,0.0242087635603598,0,0.00164560294892048,0.00605219089008996,0,-0.705107951553449,0.00668016607579036,-1.41689606918269,-0.549977327855504,-0.860238575251394,0.739330116881076,0.954593181913131,0.524067051849022,0.786245614218654,0.692414619543499
350000,0.00672008270871026,0.0884308462302781,0,0.0245285307482135,0,0.00168002067717757,0.00613213268705336,0,-0.68648229516671,0.0402247711944058,-1.41318936152783,-0.528100161975459,-0.84486442835796,0.716985648448352,0.929124430393167,0.504846866503537,0.763220224073515,0.670751072823189
355000,0.0108200455580866,0.114289947382411,0,0.0333707878456019,0,0.00270501138952164,0.00834269696140046,0,-0.621013667425968,0.18387193972529,-1.42589927457723,-0.445592916291833,-0.796434418560104,0.716797335425515,0.947114038210512,0.486480632640518,0.76699369704798,0.66660097380305
360000,0.0105146651909242,0.112529304522264,0,0.0327482403712771,0,0.00262866629773105,0.00818706009281929,0,-0.614831211953514,0.167594959176105,-1.39725738308313,-0.444305381416741,-0.785357042490288,0.72626604786319,0.985798983695817,0.466733112030562,0.782829939853932,0.669702155872447
365000,0.0102040816326531,0.113424567409583,0,0.0327004649528937,0,0.00255102040816327,0.00817511623822343,0,-0.586321014892444,0.203874338053624,-1.37651636783851,-0.414101930435075,-0.758540099349812,0.734782438834136,1.02036555514027,0.449199322528,0.797023836032129,0.672541041636142
370000,0.0144628099173554,0.13386902995442,0,0.0404867922359427,0,0.00361570247933884,0.0101216980589857,0,-0.539551357733176,0.293714087047498,-1.37281680251385,-0.357945364386005,-0.721157351080347,0.757808656731913,1.06922272810595,0.446394585357878,0.825679780067712,0.689937533396114
375000,0.0186666666666667,0.154031549307188,0,0.0481687588633805,0,0.00466666666666667,0.0120421897158451,0,-0.508444444444445,0.343609340849066,-1.36049822973796,-0.322743627216659,-0.69414526167223,0.769151385201348,1.08547030108035,0.45283246932235,0.838091494613693,0.700211275789003
380000,0.0217323812480596,0.177848611750479,0,0.0557571248583869,0,0.0054330953120149,0.0139392812145967,0,-0.44582427817448,0.416751010922477,-1.30839956727144,-0.257830352356029,-0.633818203992931,0.761846654730086,1.06247752187352,0.461215787586649,0.827367633189448,0.696325676270724
385000,0.0232414006817478,0.173934051257856,0,0.0560841024515249,0,0.00581035017043694,0.0140210256128812,0,-0.442826154322901,0.43717156052516,-1.32282386917096,-0.25103509884443,-0.634617209801372,0.750044666616253,1.04302919128924,0.457060141943265,0.813899163369795,0.68619016986271
390000,0.0229328165374677,0.172646350238102,0,0.0555621247315394,0,0.00573320413436693,0.0138905311828849,0,-0.395671834625323,0.497363866427599,-1.28870753567824,-0.201039215932139,-0.590304453318507,0.748242560244654,1.03927942817454,0.457205692314766,0.811672575052203,0.684812545437105
395000,0.0231543624161074,0.173573212557218,0,0.055937390764542,0,0.00578859060402685,0.0139843476911355,0,-0.321140939597315,0.593781069601026,-1.23606294879566,-0.121738310631477,-0.520543568563153,0.748344398614944,1.04012649127981,0.456562305950082,0.811936831387992,0.684751965841897
400000,0.0276544895868897,0.19166333824972,0,0.0633993894452763,0,0.00691362239672243,0.0158498473613191,0,-0.305906452714237,0.622527914985331,-1.23434082041381,-0.103558873488612,-0.508254031939862,0.744984592297412,1.03131631604532,0.458652868549504,0.807389144704759,0.682580039890065
405000,0.031891495601173,0.213786987264137,0,0.0715346989233982,0,0.00797287390029326,0.0178836747308496,0,-0.178152492668622,0.820823493583583,-1.17712847892083,0.0395692758862401,-0.395874261223483,0.746009251556176,1.03004858801291,0.461969915099439,0.80791418973644,0.684104313375913
410000,0.0360863095238095,0.224610466169778,0,0.0771741968856099,0,0.00902157738095238,0.0192935492214025,0,-0.126860119047619,0.872160744993775,-1.12588098308901,0.0908714303946371,-0.344591668489875,0.739725590794392,1.02564201252589,0.453809169062891,0.80203963022571,0.677411551363073
415000,0.0406626506024096,0.238207309297311,0,0.083716510806775,0,0.0101656626506024,0.0209291277016938,0,-0.109939759036145,0.918085167999648,-1.13796468607194,0.114113079383345,-0.333992597455634,0.751144481306694,1.02624741720407,0.476041545409316,0.811101776139095,0.691187186474293
420000,0.0478243825950608,0.261260716789301,0,0.0943417531766842,0.00130701201343732,0.0119560956487652,0.0235854382941711,0.000326753003359329,-0.0493923951391611,0.97993759029158,-1.0787223805699,0.174944874163279,-0.273729664441601,0.765421567279561,1.04118450288785,0.489658631671268,0.825522705714094,0.705320428845028
425000,0.0539352776667998,0.279870351703234,0,0.10317668544311,0.00469386989049008,0.0134838194167,0.0257941713607774,0.00117346747262252,0.0263683579704355,1.11225994874368,-1.05952323280281,0.263032943361496,-0.210296227420625,0.779817650973487,1.03382734793497,0.525807954012002,0.835177780960213,0.724457520986762
430000,0.0550847457627119,0.283278700892179,0,0.104818465259522,0.00535102626590185,0.013771186440678,0.0262046163148805,0.00133775656647546,0.0830508474576271,1.19327960724846,-1.0271779123332,0.325019595864663,-0.158917900949409,0.799879053070889,1.0505553026963,0.54920280344548,0.854512675054035,0.745245431087742
435000,0.078626299141437,0.35283321401629,0,0.138388310719414,0.0188642875634598,0.0196565747853592,0.0345970776798535,0.00471607189086494,0.265702666064166,1.41617368218343,-0.884768350055102,0.516442010900988,0.0149633212273442,0.816825988561494,1.06481156440416,0.568840412718832,0.870873191789189,0.762778785333799
440000,0.082526509912402,0.357755159175726,0,0.142511203337703,0.0225418164871006,0.0206316274781005,0.0356278008344259,0.00563545412177515,0.313047487321346,1.50388751845692,-0.877792543814231,0.572585055003487,0.0535099196392058,0.834682203564791,1.07801076144139,0.591353645688189,0.887714433257871,0.781649973871711
445000,0.093278463648834,0.391926831896691,0,0.15836736649112,0.0281895608065476,0.0233196159122085,0.0395918416227801,0.00704739020163691,0.396433470507545,1.60884492228219,-0.815977981267103,0.660672420321401,0.132194520693688,0.864147715117215,1.11693879317038,0.61135663706405,0.919242253270338,0.809053176964093
450000,0.103136882129278,0.407346760829157,0,0.169437888073255,0.0368358761853005,0.0257842205323194,0.0423594720183137,0.00920896904632513,0.461501901140684,1.71964355656084,-0.796639754279473,0.735707517772456,0.187296284508912,0.885728392537556,1.15545292123704,0.616003863838073,0.944513490697315,0.826943294377797
455000,0.111988159842131,0.432077831165613,0,0.181750086350641,0.042226233333621,0.0279970399605328,0.0454375215876604,0.0105565583334053,0.531327084361125,1.77363028444528,-0.710976115723025,0.802080789681325,0.260573379040925,0.909218178162389,1.18761330661852,0.630823049706259,0.969892989728104,0.848543366596674
460000,0.139593908629442,0.499191106627389,0,0.217966300952114,0.0612215163067698,0.0348984771573604,0.0544915752380284,0.0153053790766924,0.634010152284264,1.95484397633451,-0.686823671765977,0.921879210296533,0.346141094271995,0.931511775339921,1.21925748403065,0.643766066649189,0.99422449862094,0.868799052058901
465000,0.163881401617251,0.542788629198701,0,0.246462317317486,0.0813004859170153,0.0409703504043127,0.0616155793293715,0.0203251214792538,0.817250673854447,2.11513044400051,-0.480629096291617,1.10011701180107,0.534384335907823,0.960633441283696,1.26917806694634,0.652088815621055,1.0278791834255,0.893387699141894
470000,0.182260681449432,0.580836440210064,0,0.269128254138564,0.0953931087603001,0.045565170362358,0.0672820635346411,0.023848277190075,0.854515954570038,2.17859057052836,-0.469558661388286,1.14309132680353,0.56594058233655,0.968576031191534,1.27138581620211,0.665766246180953,1.03457189379035,0.902580168592714
475000,0.205692803437164,0.611335205494557,0,0.294100515326328,0.117285091548001,0.0514232008592911,0.073525128831582,0.0293212728870002,0.85875402792696,2.21355767128662,-0.4960496154327,1.15402663641423,0.563481419439686,0.982208565469715,1.29204543739011,0.672371693549322,1.0497359461539,0.914681184785528
480000,0.232506887052342,0.658949631589283,0,0.325447928484474,0.139565845620209,0.0581267217630854,0.0813619821211186,0.0348914614050522,0.892011019283747,2.21703814758243,-0.433016109014939,1.18079398676894,0.603228051798553,1.00685789292837,1.32410012958173,0.68961565627502,1.07599923543811,0.937716550418634
485000,0.247368421052632,0.678977300283828,0,0.341435395437813,0.15330144666745,0.0618421052631579,0.0853588488594533,0.0383253616668625,1.03625730994152,2.35492466185818,-0.28241004197514,1.32365419629908,0.748860423583965,1.04303935156231,1.37536085749284,0.710717845631779,1.11546714461813,0.970611558506489
490000,0.281987577639752,0.732094698203647,0,0.380086150255056,0.183889005024447,0.0704968944099379,0.0950215375637641,0.0459722512561117,1.21987577639752,2.55547246154588,-0.115720908750844,1.510962325392,0.928789227403035,1.07037018437563,1.43134827334876,0.709392095402507,1.14904353490895,0.991696833842318
495000,0.299354838709677,0.757478101290498,0,0.399200488973425,0.19950918844593,0.0748387096774194,0.0998001222433562,0.0498772971114826,1.32322580645161,2.64128918591555,0.00516242698767799,1.61049106006486,1.03596055283836,1.09990033138183,1.46965937627593,0.730141286487723,1.1804874468895,1.01931321587415
500000,0.306084818684696,0.772397564658049,0,0.407715325473836,0.204454311895556,0.076521204671174,0.101928831368459,0.051113577973889,1.21757836508912,2.59365610636537,-0.158499376187131,1.51748755572307,0.917669174455177,1.11706017004469,1.50347139814029,0.730648941949088,1.2012765447406,1.03284379534878
505000,0.322271857051691,0.789767502935278,0,0.424160170899283,0.2203835432041,0.0805679642629228,0.106040042724821,0.0550958858010249,1.3152520740268,2.72137476383505,-0.0908706157814474,1.62170940938149,1.00879473867212,1.1297443879206,1.53184018227977,0.727648593561433,1.21737913458232,1.04210964125889
510000,0.344100197758734,0.823476783334327,0,0.448577902379914,0.239622493137555,0.0860250494396836,0.112144475594978,0.0599056232843888,1.43045484508899,2.76843095475027,0.0924787354277126,1.72205997763325,1.13884971254473,1.13429369542185,1.54178519635519,0.726802194488523,1.22310440906786,1.04548298177585
515000,0.354797166773986,0.833403095210142,0,0.459106910565619,0.250487422982353,0.0886992916934965,0.114776727641405,0.0626218557455881,1.42949130714746,2.86955889266512,-0.0105762783702039,1.74334676100446,1.11563585329045,1.13602230196527,1.55515254374115,0.716892060189394,1.22736962036941,1.04467498356113
520000,0.338345864661654,0.811641012115733,0,0.44149815057268,0.235193578750629,0.0845864661654135,0.11037453764317,0.0587983946876571,1.33709273182957,2.77605877264865,-0.101873308989502,1.65070810958543,1.02347735407372,1.15266634023429,1.58534292894373,0.71998975152484,1.24696601650531,1.05836666396327
525000,0.370466321243523,0.853552414863289,0,0.475752494399443,0.265180148087604,0.0926165803108808,0.118938123599861,0.066295037021901,1.49546632124352,2.9702419754474,0.0206906670396472,1.81688622329696,1.17404641919008,1.17143331275085,1.6020444014544,0.740822224047302,1.26528282373219,1.07758380176951
530000,0.424773022049287,0.923163468738313,0,0.533394701626465,0.316151342472109,0.106193255512322,0.133348675406616,0.0790378356180272,1.57133592736706,3.11239269752339,0.0302791572107255,1.90720146373559,1.23547039099852,1.20551475604221,1.64292241882634,0.76810709325807,1.30084554600252,1.11018396608189
535000,0.435226547543076,0.931171466939484,0,0.543315236803644,0.327137858282508,0.108806636885769,0.135828809200911,0.0817844645706269,1.56349712827058,3.13418814354923,-0.00719388700806478,1.90582129862693,1.22117295791424,1.22374671659579,1.6591034349405,0.788389998251081,1.3186305135786,1.12886291961299
540000,0.433479075577764,0.934206996676782,0,0.542610195891755,0.324347955263772,0.108369768894441,0.135652548972939,0.0810869888159431,1.53841349156777,3.08475748027723,-0.00793049714168448,1.87543135050458,1.20139563263096,1.24621616498446,1.70201116299944,0.790421166969475,1.34555438175039,1.14687794821852
545000,0.447300771208226,0.949820891737128,0,0.556822492332294,0.337779050084158,0.111825192802057,0.139205623083074,0.0844447625210395,1.60154241645244,3.18175696051715,0.0213278723877317,1.94594219178701,1.25714264111788,1.28078337212914,1.76001404746362,0.801552696794666,1.38522927635053,1.17633746790776
550000,0.456439393939394,0.968451957808888,0,0.568029945125908,0.344848842752879,0.114109848484848,0.142007486281477,0.0862122106882199,1.5959595959596,3.18822892955556,0.0036902623636319,1.94298665176178,1.24893254015741,1.31021127755744,1.80203974237165,0.818382812743232,1.41740280634154,1.20301974877335
555000,0.464536741214058,0.972328830906112,0,0.575207461378908,0.353866021049207,0.116134185303514,0.143801865344727,0.0884665052623018,1.60766773162939,3.19870480499099,0.0166306582677986,1.95442622253989,1.2609092407189,1.3170219933263,1.81484431207947,0.819199674573134,1.42551985229051,1.2085241343621
560000,0.482485128883014,0.991521109510786,0,0.593426948792143,0.371543308973885,0.120621282220753,0.148356737198036,0.0928858272434711,1.74421678783873,3.33078655797544,0.157647017702027,2.09000165258385,1.39843192309361,1.33480958180639,1.84982396841442,0.819795195198354,1.44705436509109,1.22256479852169
565000,0.461731493099122,0.961678521730097,0,0.570692421845415,0.352770564352829,0.11543287327478,0.142673105461354,0.0881926410882073,1.62358845671267,3.22517137466626,0.0220055387590836,1.97264536116571,1.27453155225964,1.34037304952872,1.86946079581097,0.811285303246458,1.45568505044422,1.22506104861321
570000,0.466998754669988,0.971032906456027,0,0.576850451256417,0.357147058083558,0.116749688667497,0.144212612814104,0.0892867645208895,1.60149439601494,3.22010816649103,-0.0171193744611409,1.95426308872137,1.24872570330851,1.33604187793928,1.86359938381859,0.808484372059962,1.45102037069099,1.22106338518756
575000,0.470144563167819,0.983079064822482,0,0.581936046036223,0.358353080299415,0.117536140791955,0.145484011509056,0.0895882700748538,1.65304839723444,3.22650805436734,0.0795887401015449,1.99597597909347,1.31012081537542,1.34691580296462,1.88366591750554,0.810165688423693,1.46389777832551,1.22993382760373
580000,0.470194647201947,1.00020661189935,0,0.585708076851117,0.354681217552776,0.117548661800487,0.146427019212779,0.088670304388194,1.50243309002433,3.037772582467,-0.0329064024183374,1.83705257460356,1.1678136054451,1.35899641500772,1.90049861824208,0.81749421177337,1.47701408408788,1.24097874592757
585000,0.504509921828022,1.01770299789695,0,0.616357759683483,0.39266208397256,0.126127480457005,0.154089439920871,0.0981655209931401,1.56524353577871,3.12100049269905,0.00948657885837889,1.90431290357502,1.22617416798241,1.36254040455144,1.89947253420301,0.825608274899877,1.47956204918601,1.24551875991688
590000,0.494630071599045,1.00421091816874,0,0.605690642287105,0.383569500910986,0.123657517899761,0.151422660571776,0.0958923752277465,1.62171837708831,3.21576878005816,0.0276679741184531,1.9691336079611,1.27430314621551,1.37151044464908,1.91011017555529,0.832910713742865,1.488895534551,1.25412535474716
595000,0.527760051052967,1.02842527760655,0.027094824499389,0.636877507407565,0.41864259469837,0.131940012763242,0.159219376851891,0.104660648674593,1.85960433950223,3.43023049171653,0.288978187287942,2.20191437328145,1.51729430572302,1.38944671484187,1.89148781075983,0.887405618923915,1.49886403497241,1.28002939471133
600000,0.542153047989624,1.04571598737899,0.0385901086002564,0.651902046215151,0.432404049764096,0.135538261997406,0.162975511553788,0.108101012441024,1.91050583657588,3.48941653424227,0.331595138909484,2.25462144517603,1.56639022797572,1.38244355378139,1.87354571625011,0.891341391312662,1.48947678863916,1.27541031892361
605000,0.551859099804305,1.05713621373033,0.0465819858782802,0.661981693708677,0.441736505899934,0.137964774951076,0.165495423427169,0.110434126474983,1.92889758643183,3.53649415718044,0.321301015683225,2.27926513612562,1.57853003673805,1.44340045189282,1.92749553874661,0.959305365039028,1.54890653002583,1.33789437375981
610000,0.560344827586207,1.06217202687829,0.058517628294119,0.66971553002792,0.450974125144494,0.140086206896552,0.16742888250698,0.112743531286124,2.0132625994695,3.55492785188479,0.471597347054199,2.34926075147182,1.67726444746718,1.47272330688545,1.96663639186322,0.978810221907673,1.58036916810098,1.36507744566992
615000,0.570779220779221,1.07500764719,0.0665507943684403,0.680673258538477,0.460885183019964,0.142694805194805,0.170168314634619,0.115221295754991,1.95779220779221,3.54687461810385,0.368709797480565,2.30412468976753,1.61145972581688,1.5121522388675,2.00354487797723,1.02075959975776,1.61924878164145,1.40505569609355
620000,0.554354736172918,1.05282738432167,0.0558820880241678,0.662994331142893,0.445715141202943,0.13858868404323,0.165748582785723,0.111428785300736,1.907819453274,3.510860817755,0.304778088793,2.25719421877841,1.55844468776959,1.49235685987224,1.98505303701542,0.999660682729062,1.59973750217404,1.38497621757044
625000,0.577564102564103,1.08194818170206,0.0731800234261492,0.687492064048761,0.467636141079445,0.144391025641026,0.17187301601219,0.116909035269861,1.98333333333333,3.52671222001523,0.439954446651433,2.31970496326537,1.6469617034013,1.50965048422416,1.99280480563484,1.02649616281348,1.61495152728237,1.40434944116595
630000,0.556818181818182,1.06876414516289,0.0448722184734727,0.66839421775684,0.445242145879524,0.139204545454545,0.16709855443921,0.111310536469881,1.85542929292929,3.54593141214885,0.164927173709741,2.22386568800526,1.48699289785332,1.49911082084432,1.98520555795166,1.01301608373698,1.60505271264621,1.39316892904242
635000,0.564856230031949,1.07226117473621,0.0574512853276912,0.675442573902884,0.454269886161014,0.141214057507987,0.168860643475721,0.113567471540253,1.88626198083067,3.58471822147948,0.187805740181861,2.25643193648138,1.51609202517996,1.5302267824499,1.97953707524266,1.08091648965714,1.62815169047871,1.43230187442108
640000,0.565359477124183,1.07037943884013,0.0603395154082349,0.675426026003713,0.455292928244653,0.141339869281046,0.168856506500928,0.113823232061163,1.99869281045752,3.63621821814979,0.361167402765241,2.35558319893806,1.64180242197697,1.56062923432176,2.00214879714055,1.11910967150297,1.65685619211792,1.46440227652559
645000,0.575459317585302,1.08942844787697,0.0614901872936369,0.687476292537345,0.463442342633259,0.143864829396325,0.171869073134336,0.115860585658315,1.99212598425197,3.64521468126465,0.339037287239289,2.35240831300135,1.63184365550259,1.53299499520167,1.99081580838525,1.07517418201809,1.63277472814751,1.43321526225582
650000,0.584534731323722,1.09062551541662,0.0784439472308248,0.694834660529632,0.474234802117812,0.146133682830931,0.173708665132408,0.118558700529453,2.07142857142857,3.67495220898621,0.467904933870932,2.4209084459132,1.72194869694395,1.53110841377535,2.00108158352041,1.06113524403028,1.63353669143006,1.42868013612063
655000,0.604849279161206,1.12507880942028,0.0846197489021306,0.718230676653453,0.491467881668959,0.151212319790301,0.179557669163363,0.12286697041724,2.10157273918742,3.70755667749919,0.495588800875647,2.45158882378994,1.75155665458489,1.54650982675359,2.02713538618796,1.06588426731921,1.65125973891644,1.44175991459073
660000,0.62970168612192,1.14649285300886,0.112910519234978,0.742333709690652,0.517069662553187,0.15742542153048,0.185583427422663,0.129267415638297,2.11348897535668,3.72080907120996,0.506168879503401,2.46379626874401,1.76318168196935,1.54117287469281,2.03023878525374,1.05210696413189,1.6477623187361,1.43458343064952
665000,0.63265306122449,1.14938532194516,0.115920800503815,0.745272246491927,0.520033875957053,0.158163265306122,0.186318061622982,0.130008468989263,2.09119897959184,3.71896510420104,0.463432854982636,2.44596238163635,1.73643557754732,1.54650799778043,2.05006967756474,1.04294631799612,1.6562567214814,1.43675927407946
670000,0.659947984395319,1.19811567251185,0.121780296278785,0.777238912754263,0.542657056036374,0.16498699609883,0.194309728188566,0.135664264009094,2.12808842652796,3.75131095772927,0.504865895326644,2.4818615753472,1.77431527770872,1.56460167795071,2.07469095884278,1.05451239705863,1.6757730593303,1.45343029657111
675000,0.671936758893281,1.22416870523785,0.119704812548707,0.792292921268819,0.551580596517742,0.16798418972332,0.198073230317205,0.137895149129435,2.21146245059289,3.80849342885344,0.614431472332335,2.55952728278997,1.8633976183958,1.60690206108671,2.11594596562502,1.0978581565484,1.71784560797211,1.49595851420132
680000,0.662540716612378,1.25431180329928,0.070769629925474,0.791514234841251,0.533567198383505,0.165635179153094,0.197878558710313,0.133391799595876,2.14332247557003,3.88895757130658,0.397687379833486,2.52377482430071,1.76287012683936,1.59082278156902,2.12295383645425,1.05869172668378,1.70679805621724,1.4748475069208
685000,0.666666666666667,1.26292736981174,0.0704059635215895,0.796618674117361,0.536714659215972,0.166666666666667,0.19915466852934,0.134178664803993,2.15568475452196,3.879970386309,0.43139912273493,2.53148409545991,1.77988541358402,1.60586223583813,2.14212531047024,1.06959916120602,1.72273806331182,1.48898640836444
690000,0.684381075826312,1.2768618372117,0.0919003144409233,0.81350926406986,0.555252887582765,0.171095268956578,0.203377316017465,0.138813221895691,2.19961114711601,3.89581882050493,0.503403473727084,2.56929103889404,1.82993125533798,1.63239093805704,2.18624194163022,1.07853993448385,1.75309996577474,1.51168191033933
695000,0.683430045132173,1.27670643296606,0.0901536572982861,0.812731636140011,0.554128454124335,0.170857511283043,0.203182909035003,0.138532113531084,2.21212121212121,3.95701461328564,0.467227810956781,2.59241191226755,1.83183051197488,1.61592912946802,2.18474947023697,1.04710878869906,1.73990064859013,1.49195761034591
700000,0.673758865248227,1.26777308567951,0.0797446448169459,0.803221263142529,0.544296467353925,0.168439716312057,0.200805315785632,0.136074116838481,2.25209542230819,4.02908648004478,0.475104364571599,2.63938164452065,1.86480920009573,1.63815922279038,2.21402891436953,1.06228953121124,1.76366711230245,1.51265133327831
705000,0.67769130998703,1.2841740159165,0.0712086040575591,0.809871151294613,0.545511468679447,0.169422827496757,0.202467787823653,0.136377867169862,2.25486381322957,4.0217520139804,0.487975612478749,2.63994816880993,1.86977945764921,1.64506240712839,2.23406830439607,1.0560565098607,1.77343326629535,1.51669154796142
710000,0.656039239730227,1.25154284857954,0.0605356308809183,0.785826242304622,0.526252237155831,0.164009809932557,0.196456560576156,0.131563059288958,2.16247700797057,3.97415412693155,0.350799889009593,2.55732288196436,1.76763113397678,1.63547917687038,2.2344708911219,1.03648746261886,1.76602639439241,1.50493195934835
715000,0.640845070422535,1.24486432489535,0.0368258159497248,0.772488014932523,0.509202125912547,0.160211267605634,0.193122003733131,0.127300531478137,2.22599231754161,4.05941829324858,0.392566341834643,2.62557824497007,1.82640639011316,1.64211980683703,2.24409301313578,1.04014660053827,1.7733168254858,1.51092278818826
720000,0.638149556400507,1.24689130510582,0.0294078076951986,0.770821744666541,0.505477368134473,0.159537389100127,0.192705436166635,0.126369342033618,2.20278833967047,4.02999548241296,0.375581196927976,2.60101890387698,1.80455777546396,1.65464529784158,2.24599634009715,1.06329425558601,1.78352726950905,1.52576332617411
725000,0.660163624921334,1.26580895879195,0.0545182910507233,0.792160965219781,0.528166284622887,0.165040906230334,0.198040241304945,0.132041571155722,2.3178099433606,4.12886367079506,0.506756215926152,2.71251995232108,1.92309993440013,1.66814139851089,2.27139791256055,1.06488488446124,1.79961810759965,1.53666468942214
730000,0.708118556701031,1.30511172429764,0.111125389104418,0.838230201077925,0.578006912324137,0.177029639175258,0.209557550269481,0.144501728081034,2.42461340206186,4.2109393860247,0.638287418099016,2.8139341242776,2.03529267984611,1.68713138436841,2.28506121516332,1.0892015535735,1.81744716975658,1.55681559898024
735000,0.703823720025924,1.31799248226975,0.0896549577820972,0.837678698470938,0.569968741580909,0.175955930006481,0.209419674617735,0.142492185395227,2.40959170447181,4.23126872341121,0.587914685532412,2.80661700613817,2.01256640280545,1.70538440603601,2.30914761759823,1.10162119447379,1.83697154728738,1.57379726478465
740000,0.714652956298201,1.32078767787838,0.108518234718022,0.846756956175158,0.582548956421243,0.17866323907455,0.21168923904379,0.145637239105311,2.44023136246787,4.26387767215506,0.616585052780677,2.83768586110223,2.0427768638335,1.6984473677941,2.31511374821792,1.08178098737028,1.83284668950142,1.56404804608678
745000,0.727636849132176,1.32872461529939,0.126549082964964,0.858640890578251,0.596632807686102,0.181909212283044,0.214660222644563,0.149158201921525,2.56742323097463,4.37472125696736,0.760125204981903,2.96131470378278,2.17353175816649,1.71891146953975,2.32788431674654,1.10993862233296,1.85163402455648,1.58618891452302
750000,0.688733290897518,1.29799857844013,0.0794680033549013,0.821519581807793,0.555946999987242,0.172183322724379,0.205379895451948,0.13898674999681,2.39274347549332,4.30327034377024,0.482216607216389,2.80913315288024,1.9763537981064,1.72809236361524,2.34031765939563,1.11586706783484,1.86152377336454,1.59466095386593
755000,0.678416821273964,1.28814445638968,0.0686891861582508,0.811303878501636,0.545529764046292,0.169604205318491,0.202825969625409,0.136382441011573,2.35064935064935,4.27273661244164,0.42856208885706,2.76955855739032,1.93174014390838,1.72551733716152,2.36577780787525,1.08525686644779,1.86505887163077,1.58597580269227
760000,0.666050523721503,1.28480757295687,0.0472934744861386,0.800905496132522,0.531195551310485,0.166512630930376,0.200226374033131,0.132798887827621,2.31977818853974,4.25826424407744,0.381292133002042,2.74226142951732,1.89729494756216,1.75437280827662,2.40027080753028,1.10847480902295,1.89514301360571,1.61360260294752
765000,0.693996126533247,1.29811322633197,0.0898790267345212,0.825660395937623,0.562331857128871,0.173499031633312,0.206415098984406,0.140582964282218,2.46739832149774,4.35671337710683,0.578083265888647,2.87916499149324,2.05563165150224,1.7498857245436,2.39690981166157,1.10286163742564,1.8909013550328,1.60887009405441
770000,0.705730843528654,1.31942707466101,0.0920346123963011,0.83948283620554,0.571978850851769,0.176432710882164,0.209870709051385,0.142994712712942,2.45138441725692,4.35981989733962,0.542948937174228,2.86731828715432,2.03545054735952,1.73816992433625,2.39606351202297,1.08027633664954,1.88155450755274,1.59478534111976
775000,0.711426726920594,1.32353946740472,0.0993139864364662,0.844833605811797,0.578019848029391,0.177856681730148,0.211208401452949,0.144504962007348,2.50871530019367,4.39452733843361,0.62290326195374,2.91971850525369,2.09771209513366,1.76164234735028,2.42821204412059,1.09507265057997,1.9069178447027,1.61636684999787
780000,0.716796875,1.33981184160645,0.0937819083935507,0.852579838987544,0.581013911012456,0.17919921875,0.213144959746886,0.145253477753114,2.51888020833333,4.42779167295851,0.609968743708162,2.9349178166567,2.10284260000997,1.76163765434952,2.44630302402602,1.07697228467302,1.91085701217761,1.61241829652143
785000,0.69609079445145,1.34114759283372,0.0510339960691847,0.83667766430106,0.555503924601841,0.174022698612863,0.209169416075265,0.13887598115046,2.36759142496847,4.39184409296127,0.343338756975679,2.80876706576713,1.92641578416982,1.7632607691751,2.44849762502671,1.07802391332349,1.91260467952744,1.61391685882276
790000,0.751829673985363,1.40072121496512,0.102938133005603,0.89325230660782,0.610407041362905,0.187957418496341,0.223313076651955,0.152601760340726,2.58483033932136,4.50655665831102,0.663104020331698,3.00366088040227,2.16599979824044,1.77081780146537,2.45110361758672,1.09053198534403,1.91908265772522,1.62255294520552
795000,0.743656473649968,1.39667463208521,0.0906383152147288,0.885978481695779,0.601334465604156,0.185914118412492,0.221494620423945,0.150333616401039,2.56603773584906,4.49605473197783,0.636020739720286,2.98667518812112,2.14540028357699,1.78685617989817,2.45819296659554,1.11551939320081,1.93317064041293,1.64054171938342
800000,0.746239372138653,1.40917986897781,0.0832988752994989,0.890723903703779,0.601754840573527,0.186559843034663,0.222680975925945,0.150438710143382,2.56442119032047,4.5116814002309,0.61716098041004,2.98881671390934,2.1400256667316,1.78498467438513,2.46668434360001,1.10328500517024,1.93355767278276,1.63641167598749
805000,0.773126266036462,1.42854568270705,0.11770684936587,0.915971616181536,0.630280915891388,0.193281566509115,0.228992904045384,0.157570228972847,2.6900742741391,4.52272559745676,0.857422950821427,3.08949136999349,2.29065717828471,1.83104001743257,2.50442458551405,1.1576554493511,1.97780078155292,1.68427925331223
810000,0.758957654723127,1.41330543067672,0.104609878769538,0.901569446188741,0.616345863257513,0.189739413680782,0.225392361547185,0.154086465814378,2.54071661237785,4.48203385958905,0.599399365166649,2.96381689727516,2.11761632748054,1.82960952116534,2.50715297905446,1.15206606327623,1.97727669430513,1.68194234802556
815000,0.749027237354086,1.40241333642229,0.0956411382858793,0.891429436201714,0.606625038506457,0.187256809338521,0.222857359050428,0.151656259626614,2.54669260700389,4.47434885729086,0.619036356716918,2.96681554664816,2.12656966735962,1.81058680566678,2.49309791938957,1.12807569194399,1.95933665429483,1.66183695703872
820000,0.727214786488209,1.39691617850938,0.0575133944670346,0.87317282099665,0.581256751979768,0.181803696622052,0.218293205249162,0.145314187994942,2.46080305927342,4.47792356137305,0.4436825571738,2.90042428055324,2.02118183799361,1.81022322698335,2.49994064501169,1.12050580895501,1.96054365322262,1.65990280074409
825000,0.723337515683814,1.38858640567538,0.0580886256922524,0.868325149872606,0.578349881495023,0.180834378920954,0.217081287468151,0.144587470373756,2.41530740276035,4.41359079969035,0.417024005830349,2.850823172149,1.9797916333717,1.76997003340661,2.48043647377954,1.05950359303368,1.92481260422475,1.61512746258848
830000,0.743774574049803,1.40403575359574,0.0835133945038665,0.887675161948989,0.599873986150618,0.185943643512451,0.221918790487247,0.149968496537655,2.55766710353866,4.53498525664794,0.58034895042939,2.98861360397025,2.12672060310707,1.81596662762281,2.51044305219234,1.12149020305328,1.96732425529131,1.66460899995431
835000,0.729559748427673,1.39503992958001,0.0640795672753374,0.874597791356282,0.584521705499064,0.182389937106918,0.21864944783907,0.146130426374766,2.48364779874214,4.48915858960412,0.478137007880155,2.92073874211952,2.04655685536475,1.76579304236286,2.48518296095471,1.04640312377102,1.92258044017005,1.60900564455567
840000,0.736156351791531,1.40006251734464,0.0722501862384221,0.88085134597351,0.591461357609552,0.184039087947883,0.220212836493378,0.147865339402388,2.51530944625407,4.47703417300059,0.553584719507556,2.94285743820072,2.08776145430742,1.80647934523778,2.50716565169606,1.1057930387795,1.9591903852865,1.65376830518906
845000,0.743027888446215,1.42772138042584,0.0583343964665861,0.892253375388174,0.593802401504256,0.185756972111554,0.223063343847044,0.148450600376064,2.55776892430279,4.55335776463495,0.562180083970632,2.99269742869606,2.12284041990952,1.80893000635809,2.5114138212697,1.10644619144649,1.96203280429173,1.65582720842446
850000,0.707456978967495,1.39011513948693,0.0247988184480623,0.856238875701874,0.558675082233117,0.176864244741874,0.214059718925469,0.139668770558279,2.43849585723391,4.49855004252024,0.378441671947573,2.88747425782796,1.98951745663985,1.81111401969115,2.52943830304565,1.09278973633664,1.96766916768282,1.65455887169947
855000,0.743870967741936,1.4157812140391,0.0719607214447725,0.890310410878878,0.597431524604993,0.185967741935484,0.22257760271972,0.149357881151248,2.52709677419355,4.51906935631017,0.535124192076923,2.96123713338106,2.09295641500604,1.81057704687119,2.52574590206526,1.09540819167711,1.96644448523912,1.65470960850325
860000,0.777854671280277,1.45988122085295,0.0958281217076071,0.926498911600227,0.629210430960327,0.194463667820069,0.231624727900057,0.157302607740082,2.71695501730104,4.704665632995,0.729244401607077,3.15016650244169,2.28374353216039,1.83096163413104,2.54342708460652,1.11849618365556,1.98623987910038,1.6756833891617
865000,0.720884840598569,1.42024261733428,0.021527063862855,0.873306334307081,0.568463346890056,0.180221210149642,0.21832658357677,0.142115836722514,2.56668835393624,4.62055514086877,0.512821567003712,3.01431824232291,2.11905846554957,1.81219202194729,2.5238489510736,1.10053509282098,1.96729405377389,1.65708999012068
870000,0.742744063324538,1.43674008993293,0.0487480367161501,0.893996990684775,0.591491135964302,0.185686015831135,0.223499247671194,0.147872783991075,2.655672823219,4.74007366608555,0.571271980352449,3.10995745481331,2.20138819162468,1.82924423899531,2.54874905784977,1.10973942014086,1.98605667873417,1.67243179925646
875000,0.705176767676768,1.39775886563796,0.0125946697155738,0.856121536432679,0.554231998920856,0.176294191919192,0.21403038410817,0.138557999730214,2.48042929292929,4.6488573922756,0.312001193582987,2.95302724049852,2.00783134536007,1.84402170980519,2.55945622275698,1.12858719685339,1.99994704693909,1.68809637267128
880000,0.676774193548387,1.38047825083199,0,0.830142937141327,0.523405449955448,0.169193548387097,0.207535734285332,0.130851362488862,2.36387096774194,4.57172372522027,0.156018210263601,2.84506132034522,1.88268061513865,1.92054764955275,2.69639530963314,1.14469998947235,2.08963972684639,1.7514555722591
885000,0.749163879598662,1.44958278984619,0.048744969351138,0.901816641994354,0.59651111720297,0.187290969899666,0.225454160498589,0.149127779300743,2.65484949832776,4.81601061299404,0.493688383661478,3.12586364330476,2.18383535335076,1.90948484876881,2.723736591382,1.09523310615563,2.08694690180145,1.73202279573618
890000,0.78009414929388,1.47185044629511,0.0883378522926543,0.930858938903193,0.629329359684568,0.19502353732347,0.232714734725798,0.157332339921142,2.83053127101547,4.90506666311315,0.755995878917788,3.28266577746308,2.37839676456785,1.87485263823822,2.61135690096942,1.13834837550702,2.03537002087483,1.7143352556016
895000,0.805805114029026,1.50870920504239,0.102901023015666,0.958999509015453,0.652610719042598,0.201451278507256,0.239749877253863,0.16315267976065,2.90946786454734,4.96592217965081,0.853013549443871,3.35766169162455,2.46127403747013,1.8921179494202,2.6286009172521,1.1556349815883,2.05263069094111,1.73160520789929
900000,0.772667542706965,1.48756167185841,0.0577734135555172,0.928475105922048,0.616859979491881,0.193166885676741,0.232118776480512,0.15421499487297,2.72076215505913,4.9097796164676,0.531744693650667,3.19784745005541,2.24367686006286,1.86834975802945,2.62571515538163,1.11098436067728,2.03341371954909,1.70328579650982
905000,0.817073170731707,1.51990509658478,0.11424124487863,0.970251837686089,0.663894503777325,0.204268292682927,0.242562959421522,0.165973625944331,2.88211382113821,4.9918953673649,0.772332274911524,3.34193004878567,2.42229759349076,1.92511605509736,2.67632777207668,1.17390433811804,2.08883885307319,1.76139325712153
910000,0.790697674418605,1.49548269117312,0.0859126576640898,0.944302007666332,0.637093341170877,0.197674418604651,0.236075501916583,0.159273335292719,2.8,4.95934387197751,0.640656128022492,3.27061808611519,2.32938191388481,1.90585942818873,2.6680622072097,1.14365664916776,2.07197767260064,1.73974118377682
915000,0.791415157612341,1.5037843562583,0.0790459589663795,0.946672424981781,0.636157890242901,0.197853789403085,0.236668106245445,0.159039472560725,2.79745137491616,4.98448306058295,0.610419689249375,3.27410388012331,2.32079886970902,1.90769282968791,2.67567183226212,1.1397138271137,2.07506997283702,1.7403156865388
920000,0.804761904761905,1.51016585686866,0.0993579526551471,0.958501131842283,0.651022677681527,0.201190476190476,0.239625282960571,0.162755669420382,2.89387755102041,5.0079564063073,0.779798695733521,3.35463035546399,2.43312474657682,1.90667589314941,2.66776822863376,1.14558355766506,2.07255212200339,1.74079966429543
925000,0.776228419654715,1.48572216899147,0.0667346703179541,0.93085899737635,0.621597841933079,0.194057104913679,0.232714749344088,0.15539946048327,2.81474103585657,4.96913278758981,0.660349284123337,3.28427983238671,2.34520223932644,1.88093802443697,2.6541281967873,1.10774785208663,2.04945091570766,1.71242513316627
930000,0.782838283828383,1.4873968485031,0.0782797191536641,0.936393262989541,0.629283304667225,0.195709570957096,0.234098315747385,0.157320826166806,2.76369636963696,4.95069459294481,0.576698146329118,3.24034158189206,2.28705115738187,1.90003739343618,2.66671020059313,1.13336458627923,2.06712985789407,1.73294492897829
935000,0.791005291005291,1.49738993599892,0.0846206460116642,0.944958255145095,0.637052326865487,0.197751322751323,0.236239563786274,0.159263081716372,2.76719576719577,4.95767104419576,0.576720490195775,3.24459878573413,2.28979274865741,1.8782051901811,2.65070437200242,1.10570600835978,2.04656748355745,1.70984289680475
940000,0.809327846364883,1.51667391688438,0.10198177584539,0.963490348340137,0.65516534438963,0.202331961591221,0.240872587085034,0.163791336097408,2.89300411522634,5.03666224397289,0.749345986479781,3.36020357286162,2.42580465759105,1.92064524252882,2.6728298801891,1.16846060486855,2.08458008365107,1.75671040140658
945000,0.796472184531886,1.5047501011499,0.0881942679138764,0.950837777655858,0.642106591407915,0.199118046132972,0.237709444413964,0.160526647851979,2.81886024423338,4.98579620617214,0.65192428229462,3.29113298799414,2.34658750047262,1.93716608725862,2.65335422733283,1.22097794718441,2.09325567361591,1.78107650090133
950000,0.652694610778443,1.36150131983549,0,0.807175451542607,0.498213770014279,0.163173652694611,0.201793862885652,0.12455344250357,2,4.56993680144059,-0.569936801440591,2.56010474043828,1.43989525956172,2.21572372565532,2.91796186561737,1.51348558569327,2.36877297997504,2.06267447133559
955000,0.401353637901861,1.04400244556906,0,0.541415698342272,0.26129157746145,0.100338409475465,0.135353924585568,0.0653228943653625,0.719458544839256,3.29311493642703,-1.85419784674852,1.28037395115569,0.158543138522822,11.8082033949253,22.8959711855422,0.777815580368042,14.2247263603625,9.39168042948812
960000,0.466192170818505,1.13635162857111,0,0.612250038438586,0.320134303198425,0.116548042704626,0.153062509609646,0.0800335757996062,1.03202846975089,3.69702705178186,-1.63297011228009,1.6128514449385,0.451205494563279,35.662743987562,73.7271640818785,0.767025887966156,43.9586920143422,27.3667959607817
965000,0.716715542521994,1.42637955374505,0.00705153129894265,0.871383227961444,0.562047857082544,0.179178885630499,0.217845806990361,0.140511964270636,2.26510263929619,4.70019593255076,-0.169990653958379,2.7958189184657,1.73438636012667,51.128182383926,141.770508971847,0.757139563560486,70.8832194641338,31.3731453037182
970000,0.745122718691001,1.45034554334414,0.0398998940378653,0.898822469958067,0.591422967423935,0.18628067967275,0.224705617489517,0.147855741855984,2.48332284455632,4.86117087248884,0.105474816623813,3.00156280739909,1.96508288171356,75.5516553734593,217.543549127822,0.734319567680359,106.498071157321,44.6052395895978
975000,0.7702616464582,1.4784035826123,0.0621197103041046,0.924597603327147,0.615925689589254,0.19256541161455,0.231149400831787,0.153981422397313,2.50159540523293,4.89594619744101,0.107244613024848,3.02343206216401,1.97975874830185,73.4037423699847,227.639389049226,0.731873512268066,107.018622238308,39.7888625016617
980000,0.790819672131148,1.49152772957375,0.0901116146885458,0.943535452696997,0.638103891565298,0.197704918032787,0.235883863174249,0.159525972891324,2.72,4.95099144656488,0.489008553435117,3.206233312974,2.233766687026,57.9112400098707,192.208250432714,0.739217042922974,87.1805948525108,28.6418851672306
985000,0.761034047919294,1.47078226122089,0.0512858346177009,0.915720084776304,0.606348011062284,0.190258511979823,0.228930021194076,0.151587002765571,2.56242118537201,4.85082568275148,0.27401668799253,3.06116738267306,2.06367498807095,54.6988823740058,167.536308737253,0.779400527477264,79.2912293023361,30.1065354456756
990000,0.76056338028169,1.469457505204,0.0516692553593847,0.915063272891991,0.606063487671389,0.190140845070423,0.228765818222998,0.151515871917847,2.54993597951344,4.88626371467762,0.213608244349273,3.05912680434204,2.04074515468485,52.6077485067744,150.77645133492,0.76980322599411,74.0031212590925,31.2123757544562
995000,0.782776349614396,1.49218868109565,0.0733640181331466,0.937389182725813,0.628163516502979,0.195694087403599,0.234347295681453,0.157040879125745,2.61503856041131,4.91789685672858,0.312180264094039,3.11693489015837,2.11314223066425,40.8732812192416,120.920738498834,0.759233117103577,58.3192200676981,23.427342370785
1000000,0.752645502645503,1.47020640897864,0.0350845963123693,0.909034276472582,0.596256728818424,0.188161375661376,0.227258569118145,0.149064182204606,2.62301587301587,4.89450910181702,0.35152264421473,3.11807634477993,2.12795540125182,32.8298953724286,96.2071876285858,0.758052825927734,46.6426559854202,19.017134759437
